{"name":"17f6d0b1-b842-45c1-a7cf-fda9872a7ca5","id":"/providers/Microsoft.Flow/flows/17f6d0b1-b842-45c1-a7cf-fda9872a7ca5","type":"Microsoft.Flow/flows","properties":{"apiId":"/providers/Microsoft.PowerApps/apis/shared_logicflows","displayName":"getDatabasesNewSubcription","definition":{"metadata":{"workflowEntityId":null,"processAdvisorMetadata":null,"flowChargedByPaygo":null,"flowclientsuspensionreason":"None","flowclientsuspensiontime":null,"flowclientsuspensionreasondetails":null,"creator":{"id":"68e3fca9-7276-4086-9d9f-4d964c5754eb","type":"User","tenantId":"39eda8a5-d3b3-4b94-89f1-80311ec06f85"},"provisioningMethod":"FromDefinition","failureAlertSubscription":true,"clientLastModifiedTime":"2024-04-10T06:57:40.1708563Z","connectionKeySavedTimeKey":"2024-04-10T06:57:40.1708563Z"},"$schema":"https://schema.management.azure.com/providers/Microsoft.Logic/schemas/2016-06-01/workflowdefinition.json#","contentVersion":"1.0.0.0","parameters":{"$authentication":{"defaultValue":{},"type":"SecureObject"}},"triggers":{"manual":{"metadata":{"operationMetadataId":"102adad3-fd5c-41ec-b5ff-fbea59ebc0c6"},"type":"Request","kind":"PowerApp","inputs":{"schema":{"type":"object","properties":{},"required":[]}}}},"actions":{"HTTP":{"runAfter":{},"metadata":{"operationMetadataId":"9de0a1ec-1a1f-4204-9243-00bcc24e84ad"},"type":"Http","inputs":{"method":"POST","uri":"https://hmx-acts-tax-logicapp-dev.azurewebsites.net:443/api/getDatabases/triggers/manual/invoke?api-version=2022-05-01&sp=%2Ftriggers%2Fmanual%2Frun&sv=1.0&sig=h1xnmzs_D0RLarbtnsq6Veu1Z5FPW1BTbNTRqKG44kI"}},"Response":{"runAfter":{"HTTP":["Succeeded"]},"metadata":{"operationMetadataId":"65a041c6-be4b-4af3-9c48-881cab469afb"},"type":"Response","kind":"Http","inputs":{"statusCode":200,"body":"@body('HTTP')","schema":{"type":"array","items":{"type":"object","properties":{"collation_name":{"type":"string"},"compatibility_level":{"type":"integer"},"create_date":{"type":"string"},"database_id":{"type":"integer"},"name":{"type":"string"},"owner_sid":{"type":"string"},"physical_database_name":{"type":"string"}},"required":["collation_name","compatibility_level","create_date","database_id","name","owner_sid","physical_database_name"]}}}}}},"connectionReferences":{},"flowFailureAlertSubscribed":false,"isManaged":false}}