{"name":"c3707611-847d-4769-9c06-d5cd2822f508","id":"/providers/Microsoft.Flow/flows/c3707611-847d-4769-9c06-d5cd2822f508","type":"Microsoft.Flow/flows","properties":{"apiId":"/providers/Microsoft.PowerApps/apis/shared_logicflows","displayName":"getDataContractNewSubcription","definition":{"metadata":{"workflowEntityId":null,"processAdvisorMetadata":null,"flowChargedByPaygo":null,"flowclientsuspensionreason":"None","flowclientsuspensiontime":null,"flowclientsuspensionreasondetails":null,"creator":{"id":"68e3fca9-7276-4086-9d9f-4d964c5754eb","type":"User","tenantId":"39eda8a5-d3b3-4b94-89f1-80311ec06f85"},"provisioningMethod":"FromDefinition","failureAlertSubscription":true,"clientLastModifiedTime":"2024-04-10T07:02:58.3076198Z","connectionKeySavedTimeKey":"2024-04-10T07:02:58.3076198Z"},"$schema":"https://schema.management.azure.com/providers/Microsoft.Logic/schemas/2016-06-01/workflowdefinition.json#","contentVersion":"1.0.0.0","parameters":{"$authentication":{"defaultValue":{},"type":"SecureObject"}},"triggers":{"manual":{"metadata":{"operationMetadataId":"d014c680-de83-4c04-b08a-662a5b396655"},"type":"Request","kind":"PowerApp","inputs":{"schema":{"type":"object","properties":{},"required":[]}}}},"actions":{"HTTP":{"runAfter":{},"metadata":{"operationMetadataId":"333a5ea3-bc06-4423-8e72-2d4159bf398b"},"type":"Http","inputs":{"method":"POST","uri":"https://hmx-acts-tax-logicapp-dev.azurewebsites.net:443/api/getDataContract/triggers/When_a_HTTP_request_is_received/invoke?api-version=2022-05-01&sp=%2Ftriggers%2FWhen_a_HTTP_request_is_received%2Frun&sv=1.0&sig=eJX-vDp8z906pTZQcxDSIO4m6_rPqHBod7SNsOizMuA"}},"Response":{"runAfter":{"HTTP":["Succeeded"]},"metadata":{"operationMetadataId":"9edcd3e7-77a9-4228-af4d-e8f529a800b7"},"type":"Response","kind":"Http","inputs":{"statusCode":200,"body":"@body('HTTP')","schema":{"type":"array","items":{"type":"object","properties":{"ID":{"type":"integer"},"ContractID":{"type":"string"},"SubjectArea":{"type":"string"},"SourceSystem":{"type":"string"},"PublisherName":{"type":"string"},"DataSourceNameSystem":{"type":"string"},"DataSourceNameFriendly":{"type":"string"},"Description":{"type":"string"},"BusinessContact":{"type":"string"},"EngineeringContact":{"type":"string"},"DataOwner":{"type":"string"},"SME":{"type":"string"},"Restrictions":{"type":"string"},"Metadata":{"type":"string"},"DataClassificationLevel":{"type":"string"},"CreatedBy":{"type":"string"},"DataSchema":{"type":"string"},"CreatedOnDate":{"type":"string"},"Active":{"type":"boolean"},"Pattern":{"type":"string"},"DataAssetTechnicalInformation":{"type":"string"},"label":{"type":"string"},"value":{"type":"string"}},"required":["ID","ContractID","SubjectArea","SourceSystem","PublisherName","DataSourceNameSystem","DataSourceNameFriendly","Description","BusinessContact","EngineeringContact","DataOwner","SME","Restrictions","Metadata","DataClassificationLevel","CreatedBy","DataSchema","CreatedOnDate","Active","Pattern","DataAssetTechnicalInformation","label","value"]}}}}}},"connectionReferences":{},"flowFailureAlertSubscribed":false,"isManaged":false}}