{"schemaVersion":"1.0","appDefinitionTemplate":{"id":"/providers/Microsoft.PowerApps/apps/","type":"Microsoft.PowerApps/apps","tags":{"primaryDeviceWidth":"1366","primaryDeviceHeight":"768","supportsPortrait":"true","supportsLandscape":"true","primaryFormFactor":"Tablet","publisherVersion":"3.24034.17","minimumRequiredApiVersion":"2.2.0","hasComponent":"true","hasUnlockedComponent":"true","isUnifiedRootApp":"false","sienaVersion":"20240411T095142Z-3.24034.17.0","showStatusBar":"false","offlineLargeFilesSupport":"false"},"properties":{"appVersion":"2024-04-11T09:51:42Z","lifeCycleId":"Published","createdByClientVersion":{"major":3,"minor":24034,"build":17,"revision":0,"majorRevision":0,"minorRevision":0},"minClientVersion":{"major":3,"minor":24034,"build":17,"revision":0,"majorRevision":0,"minorRevision":0},"backgroundColor":"RGBA(0,176,240,1)","backgroundImageUri":"/17246980647519183602/N9535304b-a7dd-4968-9724-621d6a74b519-logoSmallFile","displayName":"Data and AI Portal New Susbcription","description":"","commitMessage":"","appUris":{"documentUri":{"value":"/17246980647519183602/Nbfe27363-5b0c-43b4-a368-2fd722ad4a1f-document.msapp"},"imageUris":[],"additionalUris":[{"isSolutionAware":false,"value":"/17246980647519183602/Naad387a0-ba7d-4d5a-989a-abf3efd40757-identity.json"}]},"createdTime":"0001-01-01T00:00:00Z","lastModifiedTime":"0001-01-01T00:00:00Z","sharedGroupsCount":0,"sharedUsersCount":0,"connectionReferences":{"1c7655ac-a340-4b41-aa60-d007c0e73ec6":{"id":"8311349a-b930-4024-aa38-812025286085","displayName":"Office 365 Users","iconUri":"https://connectoricons-prod.azureedge.net/releases/v1.0.1677/1.0.1677.3637/office365users/icon.png","dataSources":["Office365Users"],"dependencies":[],"dependents":[],"parameterHints":{},"parameterHintsV2":{},"isOnPremiseConnection":false,"bypassConsent":false,"dataSets":{},"apiTier":"Standard","isCustomApiConnection":false,"actions":["UserProfile","SearchUser"]},"150fa335-b57f-43d3-a229-af0517267736":{"id":"a57c3900-aa7b-4f8c-8ef5-2a80ddba0013","displayName":"Logic flows","iconUri":"https://connectoricons-prod.azureedge.net/releases/v1.0.1680/1.0.1680.3652/logicflows/icon.png","dataSources":["GetSchemaSynapsedb"],"dependencies":[],"dependents":[],"parameterHints":{"workflowName":{"value":"c991a6e8-97e9-4a99-92ec-ff5cfac72d97"},"workflowEntityId":{}},"parameterHintsV2":{"workflowName":{"value":"c991a6e8-97e9-4a99-92ec-ff5cfac72d97"},"workflowEntityId":{}},"isOnPremiseConnection":false,"bypassConsent":false,"dataSets":{},"apiTier":"Standard","isCustomApiConnection":false,"actions":["Run"]},"8b0551d7-4f7f-4ede-afc6-6a32753b9918":{"id":"a57c3900-aa7b-4f8c-8ef5-2a80ddba0013","displayName":"Logic flows","iconUri":"https://connectoricons-prod.azureedge.net/releases/v1.0.1680/1.0.1680.3652/logicflows/icon.png","dataSources":["getDatabases"],"dependencies":[],"dependents":[],"parameterHints":{"workflowName":{"value":"7837f395-a610-4e96-a718-c24a14199a51"},"workflowEntityId":{}},"parameterHintsV2":{"workflowName":{"value":"7837f395-a610-4e96-a718-c24a14199a51"},"workflowEntityId":{}},"isOnPremiseConnection":false,"bypassConsent":false,"dataSets":{},"apiTier":"Standard","isCustomApiConnection":false,"actions":["Run"]},"a00c4c7c-b76e-46e5-bc50-b76e103bd151":{"id":"a57c3900-aa7b-4f8c-8ef5-2a80ddba0013","displayName":"Logic flows","iconUri":"https://connectoricons-prod.azureedge.net/releases/v1.0.1680/1.0.1680.3652/logicflows/icon.png","dataSources":["getDataContract"],"dependencies":[],"dependents":[],"parameterHints":{"workflowName":{"value":"04d577e3-7281-4d06-81ce-f6871f575b22"},"workflowEntityId":{}},"parameterHintsV2":{"workflowName":{"value":"04d577e3-7281-4d06-81ce-f6871f575b22"},"workflowEntityId":{}},"isOnPremiseConnection":false,"bypassConsent":false,"dataSets":{},"apiTier":"Standard","isCustomApiConnection":false,"actions":["Run"]},"f4608399-acf8-45ac-b25c-6d7c96d5ac4a":{"id":"a57c3900-aa7b-4f8c-8ef5-2a80ddba0013","displayName":"Logic flows","iconUri":"https://connectoricons-prod.azureedge.net/releases/v1.0.1680/1.0.1680.3652/logicflows/icon.png","dataSources":["DataContractMappingSubmit"],"dependencies":[],"dependents":[],"parameterHints":{"workflowName":{"value":"7742a4ed-5843-4994-843e-c2df12e6eba4"},"workflowEntityId":{}},"parameterHintsV2":{"workflowName":{"value":"7742a4ed-5843-4994-843e-c2df12e6eba4"},"workflowEntityId":{}},"isOnPremiseConnection":false,"bypassConsent":false,"dataSets":{},"apiTier":"Standard","isCustomApiConnection":false,"actions":["Run"]},"5c93997f-05cd-4169-950d-5e2ff8fb2e8b":{"id":"a57c3900-aa7b-4f8c-8ef5-2a80ddba0013","displayName":"Logic flows","iconUri":"https://connectoricons-prod.azureedge.net/releases/v1.0.1680/1.0.1680.3652/logicflows/icon.png","dataSources":["getFromControl"],"dependencies":[],"dependents":[],"parameterHints":{"workflowName":{"value":"0f878542-5654-4f26-bb9a-da9558f1042f"},"workflowEntityId":{}},"parameterHintsV2":{"workflowName":{"value":"0f878542-5654-4f26-bb9a-da9558f1042f"},"workflowEntityId":{}},"isOnPremiseConnection":false,"bypassConsent":false,"dataSets":{},"apiTier":"Standard","isCustomApiConnection":false,"actions":["Run"]},"8eb4b8dd-4e4f-4ece-8bde-cf4744cb9067":{"id":"a57c3900-aa7b-4f8c-8ef5-2a80ddba0013","displayName":"Logic flows","iconUri":"https://connectoricons-prod.azureedge.net/releases/v1.0.1680/1.0.1680.3652/logicflows/icon.png","dataSources":["getPatternData"],"dependencies":[],"dependents":[],"parameterHints":{"workflowName":{"value":"564b4d0f-cb0e-48e7-b632-23c27c547bba"},"workflowEntityId":{}},"parameterHintsV2":{"workflowName":{"value":"564b4d0f-cb0e-48e7-b632-23c27c547bba"},"workflowEntityId":{}},"isOnPremiseConnection":false,"bypassConsent":false,"dataSets":{},"apiTier":"Standard","isCustomApiConnection":false,"actions":["Run"]},"4235ca51-53d9-4abd-b6c1-f943f998e43b":{"id":"a57c3900-aa7b-4f8c-8ef5-2a80ddba0013","displayName":"Logic flows","iconUri":"https://connectoricons-prod.azureedge.net/releases/v1.0.1680/1.0.1680.3652/logicflows/icon.png","dataSources":["getMappingRecords"],"dependencies":[],"dependents":[],"parameterHints":{"workflowName":{"value":"7ca4d3df-761a-4b01-85f2-5577a4a5770f"},"workflowEntityId":{}},"parameterHintsV2":{"workflowName":{"value":"7ca4d3df-761a-4b01-85f2-5577a4a5770f"},"workflowEntityId":{}},"isOnPremiseConnection":false,"bypassConsent":false,"dataSets":{},"apiTier":"Standard","isCustomApiConnection":false,"actions":["Run"]},"843c413a-edce-4e8b-889d-c3e7fdee0567":{"id":"a57c3900-aa7b-4f8c-8ef5-2a80ddba0013","displayName":"Logic flows","iconUri":"https://connectoricons-prod.azureedge.net/releases/v1.0.1680/1.0.1680.3652/logicflows/icon.png","dataSources":["schema"],"dependencies":[],"dependents":[],"parameterHints":{"workflowName":{"value":"2eb92bf1-a223-4947-8e91-f8a2353cf83b"},"workflowEntityId":{}},"parameterHintsV2":{"workflowName":{"value":"2eb92bf1-a223-4947-8e91-f8a2353cf83b"},"workflowEntityId":{}},"isOnPremiseConnection":false,"bypassConsent":false,"dataSets":{},"apiTier":"Standard","isCustomApiConnection":false,"actions":["Run"]},"1be1c46e-8d21-4d6e-b840-a2697db2132e":{"id":"a57c3900-aa7b-4f8c-8ef5-2a80ddba0013","displayName":"Logic flows","iconUri":"https://connectoricons-prod.azureedge.net/releases/v1.0.1680/1.0.1680.3652/logicflows/icon.png","dataSources":["HandshakeSubmit"],"dependencies":[],"dependents":[],"parameterHints":{"workflowName":{"value":"5688471f-38d9-4799-9bef-25181db9ccbe"},"workflowEntityId":{}},"parameterHintsV2":{"workflowName":{"value":"5688471f-38d9-4799-9bef-25181db9ccbe"},"workflowEntityId":{}},"isOnPremiseConnection":false,"bypassConsent":false,"dataSets":{},"apiTier":"Standard","isCustomApiConnection":false,"actions":["Run"]},"28f51b06-9d9f-4785-a621-d4873017dd3e":{"id":"a57c3900-aa7b-4f8c-8ef5-2a80ddba0013","displayName":"Logic flows","iconUri":"https://connectoricons-prod.azureedge.net/releases/v1.0.1680/1.0.1680.3652/logicflows/icon.png","dataSources":["getHandshakeRecords"],"dependencies":[],"dependents":[],"parameterHints":{"workflowName":{"value":"f1b55a51-2067-4772-8625-edc571ab27a2"},"workflowEntityId":{}},"parameterHintsV2":{"workflowName":{"value":"f1b55a51-2067-4772-8625-edc571ab27a2"},"workflowEntityId":{}},"isOnPremiseConnection":false,"bypassConsent":false,"dataSets":{},"apiTier":"Standard","isCustomApiConnection":false,"actions":["Run"]},"0193214a-a70d-446a-9522-0bd3bcff3d7f":{"id":"a57c3900-aa7b-4f8c-8ef5-2a80ddba0013","displayName":"Logic flows","iconUri":"https://connectoricons-prod.azureedge.net/releases/v1.0.1680/1.0.1680.3652/logicflows/icon.png","dataSources":["getDataAssetTechnicalValues"],"dependencies":[],"dependents":[],"parameterHints":{"workflowName":{"value":"94564746-1d9f-4887-ae88-d7db8b10f09b"},"workflowEntityId":{}},"parameterHintsV2":{"workflowName":{"value":"94564746-1d9f-4887-ae88-d7db8b10f09b"},"workflowEntityId":{}},"isOnPremiseConnection":false,"bypassConsent":false,"dataSets":{},"apiTier":"Standard","isCustomApiConnection":false,"actions":["Run"]},"02c804e1-4fd2-4288-9a45-09049884a508":{"id":"a57c3900-aa7b-4f8c-8ef5-2a80ddba0013","displayName":"Logic flows","iconUri":"https://connectoricons-prod.azureedge.net/releases/v1.0.1680/1.0.1680.3652/logicflows/icon.png","dataSources":["DataContractSubmit"],"dependencies":[],"dependents":[],"parameterHints":{"workflowName":{"value":"80096577-e60a-4520-b68b-198f8cc2c16c"},"workflowEntityId":{}},"parameterHintsV2":{"workflowName":{"value":"80096577-e60a-4520-b68b-198f8cc2c16c"},"workflowEntityId":{}},"isOnPremiseConnection":false,"bypassConsent":false,"dataSets":{},"apiTier":"Standard","isCustomApiConnection":false,"actions":["Run"]}},"databaseReferences":{},"almMode":"Environment","performanceOptimizationEnabled":true,"canConsumeAppPass":true,"enableModernRuntimeMode":false,"executionRestrictions":{"isTeamsOnly":false,"dataLossPreventionEvaluationResult":{"status":"Compliant","lastEvaluationDate":"2023-06-29T14:44:47.9750465Z","violations":[],"violationsByPolicy":[],"violationErrorMessage":"The app uses the following connectors: shared_azureblob, shared_logicflows, shared_office365users."},"httpActionRestriction":{"appUsesSharepointHttpAction":false,"enforcementStrategy":"Legacy","evaluationTime":"2023-06-29T14:44:47.9749382Z"}}},"appType":"ClassicCanvasApp","appComponents":[]}}