{"name":"a6639330-414b-473b-a747-32794c6a9296","id":"/providers/Microsoft.Flow/flows/a6639330-414b-473b-a747-32794c6a9296","type":"Microsoft.Flow/flows","properties":{"apiId":"/providers/Microsoft.PowerApps/apis/shared_logicflows","displayName":"getPatternDataNewSubcription","definition":{"metadata":{"workflowEntityId":null,"processAdvisorMetadata":null,"flowChargedByPaygo":null,"flowclientsuspensionreason":"None","flowclientsuspensiontime":null,"flowclientsuspensionreasondetails":null,"creator":{"id":"68e3fca9-7276-4086-9d9f-4d964c5754eb","type":"User","tenantId":"39eda8a5-d3b3-4b94-89f1-80311ec06f85"},"provisioningMethod":"FromDefinition","failureAlertSubscription":true,"clientLastModifiedTime":"2024-04-10T07:04:30.4835185Z","connectionKeySavedTimeKey":"2024-04-10T07:04:30.4835185Z"},"$schema":"https://schema.management.azure.com/providers/Microsoft.Logic/schemas/2016-06-01/workflowdefinition.json#","contentVersion":"1.0.0.0","parameters":{"$authentication":{"defaultValue":{},"type":"SecureObject"}},"triggers":{"manual":{"metadata":{"operationMetadataId":"af86c7bc-1185-40d8-97fb-c0dfd91bb916"},"type":"Request","kind":"PowerApp","inputs":{"schema":{"type":"object","properties":{},"required":[]}}}},"actions":{"HTTP":{"runAfter":{},"metadata":{"operationMetadataId":"9b57dce3-dc87-4e3d-80f5-eec7f53445f0"},"type":"Http","inputs":{"method":"POST","uri":"https://hmx-acts-tax-logicapp-dev.azurewebsites.net:443/api/getPatternData/triggers/When_a_HTTP_request_is_received/invoke?api-version=2022-05-01&sp=%2Ftriggers%2FWhen_a_HTTP_request_is_received%2Frun&sv=1.0&sig=_XH-YXa5pmMRupjXnV9eTY7wnOIaAxnhVr775Xuy0bo"}},"Response":{"runAfter":{"HTTP":["Succeeded"]},"metadata":{"operationMetadataId":"212d2ac1-c0e3-41c2-b6a0-eaad3dec5656"},"type":"Response","kind":"Http","inputs":{"statusCode":200,"body":"@body('HTTP')","schema":{"type":"array","items":{"type":"object","properties":{"ID":{"type":"integer"},"PatternType":{"type":"string"},"LabelName":{"type":"string"},"Name":{"type":"string"},"ColumnType":{"type":"string"},"required":{"type":"boolean"},"choices":{"type":"string"},"Area":{"type":"string"},"Screen":{"type":"string"},"Icon":{"type":"string"},"DataSourceType":{"type":"string"},"DataSourceSystem":{"type":"string"},"Description":{"type":"string"},"Active":{"type":"boolean"},"visible":{"type":"boolean"},"columnValue":{"type":"string"}},"required":["ID","PatternType","LabelName","Name","ColumnType","required","choices","Area","Screen","Icon","DataSourceType","DataSourceSystem","Description","Active","visible","columnValue"]}}}}}},"connectionReferences":{},"flowFailureAlertSubscribed":false,"isManaged":false}}