{"name":"23f3d34d-5e9c-4da7-a59f-1faaeb14ec42","id":"/providers/Microsoft.Flow/flows/23f3d34d-5e9c-4da7-a59f-1faaeb14ec42","type":"Microsoft.Flow/flows","properties":{"apiId":"/providers/Microsoft.PowerApps/apis/shared_logicflows","displayName":"getMappingRecordsNewSubcription","definition":{"metadata":{"workflowEntityId":null,"processAdvisorMetadata":null,"flowChargedByPaygo":null,"flowclientsuspensionreason":"None","flowclientsuspensiontime":null,"flowclientsuspensionreasondetails":null,"creator":{"id":"68e3fca9-7276-4086-9d9f-4d964c5754eb","type":"User","tenantId":"39eda8a5-d3b3-4b94-89f1-80311ec06f85"},"provisioningMethod":"FromDefinition","failureAlertSubscription":true,"clientLastModifiedTime":"2024-04-10T07:05:24.9877859Z","connectionKeySavedTimeKey":"2024-04-10T07:05:24.9877859Z"},"$schema":"https://schema.management.azure.com/providers/Microsoft.Logic/schemas/2016-06-01/workflowdefinition.json#","contentVersion":"1.0.0.0","parameters":{"$authentication":{"defaultValue":{},"type":"SecureObject"}},"triggers":{"manual":{"metadata":{"operationMetadataId":"7c58498c-72a7-451b-a348-6d40c00829ce"},"type":"Request","kind":"PowerApp","inputs":{"schema":{"type":"object","properties":{},"required":[]}}}},"actions":{"HTTP":{"runAfter":{},"metadata":{"operationMetadataId":"c9721eb7-a93e-42d8-ae8f-cf7e0db4b154"},"type":"Http","inputs":{"method":"POST","uri":"https://hmx-acts-tax-logicapp-dev.azurewebsites.net:443/api/getMappingRecords/triggers/manual/invoke?api-version=2022-05-01&sp=%2Ftriggers%2Fmanual%2Frun&sv=1.0&sig=LldeyfiZK_6WzvF1NuSKwMKhQTw4_NE5_9edpNKP3eQ"}},"Response":{"runAfter":{"HTTP":["Succeeded"]},"metadata":{"operationMetadataId":"171bc811-ac43-499c-9dbe-d256bdf2f47f"},"type":"Response","kind":"Http","inputs":{"statusCode":200,"body":"@body('HTTP')","schema":{"type":"array","items":{"type":"object","properties":{"id":{"type":"string"},"Mapping":{"type":"string"},"Business Use Case":{"type":"string"},"Submitted By":{"type":"string"},"Submitted On":{"type":"string"},"active":{"type":"boolean"}},"required":["Id","Mapping","Business Use Case","Submitted By","Submitted On","active"]}}}}}},"connectionReferences":{},"flowFailureAlertSubscribed":false,"isManaged":false}}