{"name":"0cc073e7-7103-4731-8ec9-5bca4e675ed3","id":"/providers/Microsoft.Flow/flows/0cc073e7-7103-4731-8ec9-5bca4e675ed3","type":"Microsoft.Flow/flows","properties":{"apiId":"/providers/Microsoft.PowerApps/apis/shared_logicflows","displayName":"HandshakeSubmitNewSubcription","definition":{"metadata":{"workflowEntityId":null,"processAdvisorMetadata":null,"flowChargedByPaygo":null,"flowclientsuspensionreason":"None","flowclientsuspensiontime":null,"flowclientsuspensionreasondetails":null,"creator":{"id":"68e3fca9-7276-4086-9d9f-4d964c5754eb","type":"User","tenantId":"39eda8a5-d3b3-4b94-89f1-80311ec06f85"},"provisioningMethod":"FromDefinition","failureAlertSubscription":true,"clientLastModifiedTime":"2024-04-10T06:58:33.247186Z","connectionKeySavedTimeKey":"2024-04-10T06:58:33.247186Z"},"$schema":"https://schema.management.azure.com/providers/Microsoft.Logic/schemas/2016-06-01/workflowdefinition.json#","contentVersion":"1.0.0.0","parameters":{"$authentication":{"defaultValue":{},"type":"SecureObject"}},"triggers":{"manual":{"metadata":{"operationMetadataId":"6a829498-1890-49b5-843f-4aaf894bf398"},"type":"Request","kind":"PowerApp","inputs":{"schema":{"type":"object","properties":{"ParseJSON_Content":{"type":"any","x-ms-powerflows-param-ispartial":false}},"required":["ParseJSON_Content"]}}}},"actions":{"HTTP":{"runAfter":{"Parse_JSON":["Succeeded"]},"metadata":{"operationMetadataId":"87f5cb2d-2faf-427f-abbd-3da4cbed6e0c"},"type":"Http","inputs":{"method":"POST","uri":"https://hmx-acts-tax-logicapp-dev.azurewebsites.net:443/api/handshakeSubmit/triggers/manual/invoke?api-version=2022-05-01&sp=%2Ftriggers%2Fmanual%2Frun&sv=1.0&sig=Wqzx_uGAkXeu1Xiv1AMo8xCUG1x3sZfhR8m0pk5Rdjk","body":"@body('Parse_JSON')"}},"Response":{"runAfter":{"HTTP":["Succeeded"]},"metadata":{"operationMetadataId":"17a465be-ccff-4b62-8c9c-19eb17e35804"},"type":"Response","kind":"Http","inputs":{"statusCode":200,"body":"@body('HTTP')"}},"Parse_JSON":{"runAfter":{},"metadata":{"operationMetadataId":"4fe829a1-cb7a-4f67-9acf-5a0f5bc2d3f4"},"type":"ParseJson","inputs":{"content":"@triggerBody()['ParseJSON_Content']","schema":{"type":"array","items":{"type":"object","properties":{"ConnectionType":{"type":"string"},"CreatedBy":{"type":"string"},"DataAssetTechnicalInformation":{"type":"array","items":{"type":"object","properties":{"label":{"type":"string"},"value":{"type":"string"}},"required":["label","value"]}},"DataContractID":{"type":"string"},"DataSourceName":{"type":"string"},"IngestionSchedule":{"type":"array","items":{"type":"object","properties":{"IngesionScheduleFrequencyRecurrenceValue":{},"IngestionSceheduleTriggerName":{"type":["string","null"]},"IngestionSchedule":{"type":"boolean"},"IngestionScheduleFrequencyRecurrence":{"type":["string","null"]},"IngestionScheduleRunOnSubmit":{"type":"boolean"},"IngestionScheduleStartDate":{"type":["string","null"]},"IngestionScheduleStartTime":{"type":["string","null"]}},"required":["IngesionScheduleFrequencyRecurrenceValue","IngestionSceheduleTriggerName","IngestionSchedule","IngestionScheduleFrequencyRecurrence","IngestionScheduleRunOnSubmit","IngestionScheduleStartDate","IngestionScheduleStartTime"]}},"PublisherName":{"type":"string"},"SourceFolderPath":{"type":"string"},"SourceTechnicalInformation":{"type":"array","items":{"type":"object","properties":{"label":{"type":"string"},"value":{"type":"string"}},"required":["label","value"]}},"dynamicSinkPath":{"type":["string","null"]},"sourceType":{"type":"string"}},"required":["ConnectionType","CreatedBy","DataAssetTechnicalInformation","DataContractID","DataSourceName","IngestionSchedule","PublisherName","SourceFolderPath","SourceTechnicalInformation","dynamicSinkPath","sourceType"]}}}}}},"connectionReferences":{},"flowFailureAlertSubscribed":false,"isManaged":false}}