{"name":"e9c7b682-e370-4e09-b1c7-5b939c655eba","id":"/providers/Microsoft.Flow/flows/e9c7b682-e370-4e09-b1c7-5b939c655eba","type":"Microsoft.Flow/flows","properties":{"apiId":"/providers/Microsoft.PowerApps/apis/shared_logicflows","displayName":"getDataAssetTechnicalValuesNewSubcription","definition":{"metadata":{"workflowEntityId":null,"processAdvisorMetadata":null,"flowChargedByPaygo":null,"flowclientsuspensionreason":"None","flowclientsuspensiontime":null,"flowclientsuspensionreasondetails":null,"creator":{"id":"68e3fca9-7276-4086-9d9f-4d964c5754eb","type":"User","tenantId":"39eda8a5-d3b3-4b94-89f1-80311ec06f85"},"provisioningMethod":"FromDefinition","failureAlertSubscription":true,"clientLastModifiedTime":"2024-04-10T06:56:33.2643962Z","connectionKeySavedTimeKey":"2024-04-10T06:56:33.2643962Z"},"$schema":"https://schema.management.azure.com/providers/Microsoft.Logic/schemas/2016-06-01/workflowdefinition.json#","contentVersion":"1.0.0.0","parameters":{"$authentication":{"defaultValue":{},"type":"SecureObject"}},"triggers":{"manual":{"metadata":{"operationMetadataId":"394ebf2e-1e45-43e9-bafa-ae77bee4c5aa"},"type":"Request","kind":"PowerApp","inputs":{"schema":{"type":"object","properties":{"HTTP_Body":{"type":"any","description":"Enter request content. This parameter is used as part of \"93F42E51-B320-4B00-B4D3-132FFE015EB8\"","x-ms-powerflows-param-ispartial":true},"HTTP_Body_1":{"type":"any"}},"required":["HTTP_Body","HTTP_Body_1"]}}}},"actions":{"HTTP":{"runAfter":{},"metadata":{"operationMetadataId":"4b22fe00-21c1-4537-80d9-0dafef4990be"},"type":"Http","inputs":{"method":"POST","uri":"https://hmx-acts-tax-logicapp-dev.azurewebsites.net:443/api/getNewDataContract/triggers/manual/invoke?api-version=2022-05-01&sp=%2Ftriggers%2Fmanual%2Frun&sv=1.0&sig=6xX9yLUfLkwKwzYiwVYg4QcafVIGuh9UMXm72n79tm8","body":{"pattern":"@triggerBody()['HTTP_Body']","contractID":"@{triggerBody()['HTTP_Body_1']}"}}},"Response":{"runAfter":{"HTTP":["Succeeded"]},"metadata":{"operationMetadataId":"fc057dd9-31be-4f4a-a8d8-89729cd0b3ad"},"type":"Response","kind":"Http","inputs":{"statusCode":200,"body":"@body('HTTP')","schema":{"type":"array","items":{"type":"object","properties":{"ContractID":{"type":"string"},"PatternType":{"type":"string"},"LabelName":{"type":"string"},"Name":{"type":"string"},"ColumnType":{"type":"string"},"required":{"type":"boolean"},"choices":{"type":"string"},"Area":{"type":"string"},"Screen":{"type":"string"},"Icon":{"type":"string"},"DataSourceType":{"type":"string"},"DataSourceSystem":{"type":"string"},"Description":{"type":"string"},"Active":{"type":"boolean"},"visible":{"type":"boolean"},"hslabel":{"type":"string"},"hsvalue":{"type":"string"},"value":{"type":"string"}},"required":["ContractID","PatternType","LabelName","Name","ColumnType","required","choices","Area","Screen","Icon","DataSourceType","DataSourceSystem","Description","Active","visible","hslabel","hsvalue","value"]}}}}}},"connectionReferences":{},"flowFailureAlertSubscribed":false,"isManaged":false}}