{"name":"4bf8e92d-f1ea-46a9-ab14-70d8592e0232","id":"/providers/Microsoft.Flow/flows/4bf8e92d-f1ea-46a9-ab14-70d8592e0232","type":"Microsoft.Flow/flows","properties":{"apiId":"/providers/Microsoft.PowerApps/apis/shared_logicflows","displayName":"getFromControlNewSubcription","definition":{"metadata":{"workflowEntityId":null,"processAdvisorMetadata":null,"flowChargedByPaygo":null,"flowclientsuspensionreason":"None","flowclientsuspensiontime":null,"flowclientsuspensionreasondetails":null,"creator":{"id":"68e3fca9-7276-4086-9d9f-4d964c5754eb","type":"User","tenantId":"39eda8a5-d3b3-4b94-89f1-80311ec06f85"},"provisioningMethod":"FromDefinition","failureAlertSubscription":true,"clientLastModifiedTime":"2024-04-10T06:59:37.6682698Z","connectionKeySavedTimeKey":"2024-04-10T06:59:37.6682698Z"},"$schema":"https://schema.management.azure.com/providers/Microsoft.Logic/schemas/2016-06-01/workflowdefinition.json#","contentVersion":"1.0.0.0","parameters":{"$authentication":{"defaultValue":{},"type":"SecureObject"}},"triggers":{"manual":{"metadata":{"operationMetadataId":"a763f11b-4998-4650-adc6-33fcde0ed1af"},"type":"Request","kind":"PowerApp","inputs":{"schema":{"type":"object","properties":{},"required":[]}}}},"actions":{"HTTP":{"runAfter":{},"metadata":{"operationMetadataId":"9e2af0fa-8059-49f2-ab94-ad379743ddcb"},"type":"Http","inputs":{"method":"POST","uri":"https://hmx-acts-tax-logicapp-dev.azurewebsites.net:443/api/getlistFromControlTable/triggers/manual/invoke?api-version=2022-05-01&sp=%2Ftriggers%2Fmanual%2Frun&sv=1.0&sig=Vz_SadqN3K92vsZBaKX2RveUUiC95mQqPE9-HivCjms"}},"Response":{"runAfter":{"HTTP":["Succeeded"]},"metadata":{"operationMetadataId":"48d0ed8e-662b-4e7d-a64e-16b8c888ddb5"},"type":"Response","kind":"Http","inputs":{"statusCode":200,"body":"@body('HTTP')","schema":{"type":"array","items":{"type":"object","properties":{"destination_filename":{"type":"string"},"destination_folderpath":{"type":"string"},"control_table_record_id":{"type":"integer"}},"required":["destination_filename","destination_folderpath","control_table_record_id"]}}}}}},"connectionReferences":{},"flowFailureAlertSubscribed":false,"isManaged":false}}