{"name":"11e7e7d1-7966-414f-91f7-69d6c0422f23","id":"/providers/Microsoft.Flow/flows/11e7e7d1-7966-414f-91f7-69d6c0422f23","type":"Microsoft.Flow/flows","properties":{"apiId":"/providers/Microsoft.PowerApps/apis/shared_logicflows","displayName":"DataContractSubmitNewSubcription","definition":{"metadata":{"workflowEntityId":null,"processAdvisorMetadata":null,"flowChargedByPaygo":null,"flowclientsuspensionreason":"None","flowclientsuspensiontime":null,"flowclientsuspensionreasondetails":null,"creator":{"id":"68e3fca9-7276-4086-9d9f-4d964c5754eb","type":"User","tenantId":"39eda8a5-d3b3-4b94-89f1-80311ec06f85"},"provisioningMethod":"FromDefinition","failureAlertSubscription":true,"clientLastModifiedTime":"2024-04-10T06:55:14.8494037Z","connectionKeySavedTimeKey":"2024-04-10T06:55:14.8494037Z"},"$schema":"https://schema.management.azure.com/providers/Microsoft.Logic/schemas/2016-06-01/workflowdefinition.json#","contentVersion":"1.0.0.0","parameters":{"$authentication":{"defaultValue":{},"type":"SecureObject"}},"triggers":{"manual":{"metadata":{"operationMetadataId":"68b9212f-b0b2-4e2a-9b72-8cb8cab70bcd"},"type":"Request","kind":"PowerApp","inputs":{"schema":{"type":"object","properties":{"ParseJSON_Content":{"type":"any","x-ms-powerflows-param-ispartial":false},"ParseJSON_Content_1":{"type":"any"},"ParseJSON_Content_2":{"type":"any"},"ParseJSON_Content_3":{"type":"any"},"ParseJSON_Content_4":{"type":"any"},"ParseJSON_Content_5":{"type":"any"},"ParseJSON_Content_6":{"type":"any"},"ParseJSON_Content_7":{"type":"any"},"ParseJSON_Content_8":{"type":"any"},"ParseJSON_Content_9":{"type":"any"},"ParseJSON_Content_10":{"type":"any"},"ParseJSON_Content_11":{"type":"any"},"ParseJSON_Content_12":{"type":"any"},"ParseJSON_Content_13":{"type":"any"},"ParseJSON_Content_14":{"type":"any"},"ParseJSON_Content_15":{"type":"any"},"ParseJSON_Content_16":{"type":"any"},"ParseJSON_Content_17":{"type":"any"}},"required":["ParseJSON_Content","ParseJSON_Content_1","ParseJSON_Content_2","ParseJSON_Content_3","ParseJSON_Content_4","ParseJSON_Content_5","ParseJSON_Content_6","ParseJSON_Content_7","ParseJSON_Content_8","ParseJSON_Content_9","ParseJSON_Content_10","ParseJSON_Content_11","ParseJSON_Content_12","ParseJSON_Content_13","ParseJSON_Content_14","ParseJSON_Content_15","ParseJSON_Content_16","ParseJSON_Content_17"]}}}},"actions":{"HTTP":{"runAfter":{"Parse_JSON":["Succeeded"]},"metadata":{"operationMetadataId":"879d57e8-0525-492d-af57-410d1cd5b190"},"type":"Http","inputs":{"method":"POST","uri":"https://hmx-acts-tax-logicapp-dev.azurewebsites.net:443/api/DataContractSubmit/triggers/manual/invoke?api-version=2022-05-01&sp=%2Ftriggers%2Fmanual%2Frun&sv=1.0&sig=u0qch0bIHY8-Xx-heiIC-LN5XylsspgdwqJrx77VjBc","body":"@body('Parse_JSON')"}},"Parse_JSON":{"runAfter":{},"metadata":{"operationMetadataId":"ef5930e6-0eb4-48d3-becd-bb1ac95aebae"},"type":"ParseJson","inputs":{"content":"@triggerBody()['ParseJSON_Content']","schema":{"type":"array","items":{"type":"object","properties":{"BusinessContact":{"type":"string"},"BusinessContactEmail":{"type":"string"},"BusinessContactObjID":{"type":"string"},"BusinessContactUPN":{"type":"string"},"ContractID":{"type":"string"},"CreatedBy":{"type":"string"},"CreatedByEmail":{"type":"string"},"CreatedById":{"type":"string"},"CreatedByUPN":{"type":"string"},"DataClassificationLevel":{"type":"string"},"DataOwner":{"type":"string"},"DataOwnerEmail":{"type":"string"},"DataOwnerObjID":{"type":"string"},"DataOwnerUPN":{"type":"string"},"DataSourceNameFriendly":{"type":"string"},"DataSourceNameSystem":{"type":"string"},"Description":{"type":"string"},"EditedBy":{"type":"string"},"EditedByEmail":{"type":"string"},"EditedById":{"type":"string"},"EditedByUPN":{"type":"string"},"EngineeringContact":{"type":"string"},"EngineeringContactEmail":{"type":"string"},"EngineeringContactObjID":{"type":"string"},"EngineeringContactUPN":{"type":"string"},"Metadata":{"type":"string"},"Pattern":{"type":"string"},"PublisherName":{"type":"string"},"Restrictions":{"type":"string"},"SME":{"type":"string"},"SourceSystem":{"type":"string"},"SubjectArea":{"type":"string"}},"required":["BusinessContact","BusinessContactEmail","BusinessContactObjID","BusinessContactUPN","ContractID","CreatedBy","CreatedByEmail","CreatedById","CreatedByUPN","DataClassificationLevel","DataOwner","DataOwnerEmail","DataOwnerObjID","DataOwnerUPN","DataSourceNameFriendly","DataSourceNameSystem","Description","EditedBy","EditedByEmail","EditedById","EditedByUPN","EngineeringContact","EngineeringContactEmail","EngineeringContactObjID","EngineeringContactUPN","Metadata","Pattern","PublisherName","Restrictions","SME","SourceSystem","SubjectArea"]}}}}}},"connectionReferences":{},"flowFailureAlertSubscribed":false,"isManaged":false}}