{"name":"de29f117-60d9-460a-986b-0bf329bde898","id":"/providers/Microsoft.Flow/flows/de29f117-60d9-460a-986b-0bf329bde898","type":"Microsoft.Flow/flows","properties":{"apiId":"/providers/Microsoft.PowerApps/apis/shared_logicflows","displayName":"getHandshakeRecordsNewSubcription","definition":{"metadata":{"workflowEntityId":null,"processAdvisorMetadata":null,"flowChargedByPaygo":null,"flowclientsuspensionreason":"None","flowclientsuspensiontime":null,"flowclientsuspensionreasondetails":null,"creator":{"id":"68e3fca9-7276-4086-9d9f-4d964c5754eb","type":"User","tenantId":"39eda8a5-d3b3-4b94-89f1-80311ec06f85"},"provisioningMethod":"FromDefinition","failureAlertSubscription":true,"clientLastModifiedTime":"2024-04-10T07:00:45.8570045Z","connectionKeySavedTimeKey":"2024-04-10T07:00:45.8570045Z"},"$schema":"https://schema.management.azure.com/providers/Microsoft.Logic/schemas/2016-06-01/workflowdefinition.json#","contentVersion":"1.0.0.0","parameters":{"$authentication":{"defaultValue":{},"type":"SecureObject"}},"triggers":{"manual":{"metadata":{"operationMetadataId":"9fdf2009-b39e-431a-a8fc-4eda88c43d3a"},"type":"Request","kind":"PowerApp","inputs":{"schema":{"type":"object","properties":{},"required":[]}}}},"actions":{"HTTP":{"runAfter":{},"metadata":{"operationMetadataId":"db23406c-7427-4564-ac6b-08c489370ee0"},"type":"Http","inputs":{"method":"POST","uri":"https://hmx-acts-tax-logicapp-dev.azurewebsites.net:443/api/getHandshakeRecords/triggers/When_a_HTTP_request_is_received/invoke?api-version=2022-05-01&sp=%2Ftriggers%2FWhen_a_HTTP_request_is_received%2Frun&sv=1.0&sig=ew8IGnIfi3hdJNgfzDzG7WWUUkVKel5yYmBz5HbQcPQ"}},"Response":{"runAfter":{"HTTP":["Succeeded"]},"metadata":{"operationMetadataId":"e72c253d-168e-4978-8604-97c2f94a1e08"},"type":"Response","kind":"Http","inputs":{"statusCode":200,"body":"@body('HTTP')","schema":{"type":"array","items":{"type":"object","properties":{"DataContractID":{"type":"string"},"DataSourceName":{"type":"string"},"Publisher":{"type":"string"},"CreatedBy":{"type":"string"},"CreatedByDate":{"type":"string"},"Active":{"type":"boolean"},"ConnectionType":{"type":"string"},"label":{"type":"string"},"value":{"type":"string"}},"required":["DataContractID","DataSourceName","Publisher","CreatedBy","CreatedByDate","Active","ConnectionType","label","value"]}}}}}},"connectionReferences":{},"flowFailureAlertSubscribed":false,"isManaged":false}}