{"name":"568c2a24-edff-4471-94e4-e705f3500294","id":"/providers/Microsoft.Flow/flows/568c2a24-edff-4471-94e4-e705f3500294","type":"Microsoft.Flow/flows","properties":{"apiId":"/providers/Microsoft.PowerApps/apis/shared_logicflows","displayName":"schemaNewSubcription","definition":{"metadata":{"workflowEntityId":null,"processAdvisorMetadata":null,"flowChargedByPaygo":null,"flowclientsuspensionreason":"None","flowclientsuspensiontime":null,"flowclientsuspensionreasondetails":null,"creator":{"id":"68e3fca9-7276-4086-9d9f-4d964c5754eb","type":"User","tenantId":"39eda8a5-d3b3-4b94-89f1-80311ec06f85"},"provisioningMethod":"FromDefinition","failureAlertSubscription":true,"clientLastModifiedTime":"2024-04-10T07:01:26.4029658Z","connectionKeySavedTimeKey":"2024-04-10T07:01:26.4029658Z"},"$schema":"https://schema.management.azure.com/providers/Microsoft.Logic/schemas/2016-06-01/workflowdefinition.json#","contentVersion":"1.0.0.0","parameters":{"$authentication":{"defaultValue":{},"type":"SecureObject"}},"triggers":{"manual":{"metadata":{"operationMetadataId":"57e40960-ce07-4568-871c-fda7dfe9f765"},"type":"Request","kind":"PowerApp","inputs":{"schema":{"type":"object","properties":{"HTTP_Body":{"type":"any","description":"Enter request content. This parameter is used as part of \"7567EBDC-23C9-49C7-B5B4-04FBEF7511F8\"","x-ms-powerflows-param-ispartial":true},"HTTP_Body_1":{"type":"any"},"HTTP_Body_2":{"type":"any"},"HTTP_Body_3":{"type":"any"}},"required":["HTTP_Body","HTTP_Body_1","HTTP_Body_2","HTTP_Body_3"]}}}},"actions":{"Response":{"runAfter":{"HTTP":["Succeeded"]},"metadata":{"operationMetadataId":"a8d8afba-50e1-4324-bf0c-55488df196f6"},"type":"Response","kind":"Http","inputs":{"statusCode":200,"body":"@body('HTTP')","schema":{"type":"array","items":{"type":"object","properties":{"ColumnName":{"type":"string"},"ColumnOrdinalPosition":{"type":"integer"},"DataCollation":{"type":"string"},"DataPrecision":{"type":"integer"},"DataType":{"type":"string"},"MaximumLength":{"type":"integer"}},"required":["ColumnName","ColumnOrdinalPosition","DataCollation","DataPrecision","DataType","MaximumLength"]}}}},"padType":{"runAfter":{},"metadata":{"operationMetadataId":"08a57ef7-438b-424a-8e9b-6d8ef1c571bf"},"type":"InitializeVariable","inputs":{"variables":[{"name":"paddedType","type":"string","value":"@{concat('''',triggerBody()['HTTP_Body_1'],'''')}"}]}},"padPath":{"runAfter":{"padType":["Succeeded"]},"metadata":{"operationMetadataId":"7f4b9b5a-b541-4688-bfa6-466009b1a876"},"type":"InitializeVariable","inputs":{"variables":[{"name":"padPath","type":"string","value":"@{concat('''',triggerBody()['HTTP_Body'],'''')}"}]}},"HTTP":{"runAfter":{"padPath":["Succeeded"]},"metadata":{"operationMetadataId":"a02af78c-93a8-4c8f-a56b-1865b412ae87"},"type":"Http","inputs":{"method":"POST","uri":"https://hmx-acts-tax-logicapp-dev.azurewebsites.net:443/api/getSchema/triggers/manual/invoke?api-version=2022-05-01&sp=%2Ftriggers%2Fmanual%2Frun&sv=1.0&sig=IT3zBKu-BEO6oeWoF_mE2TP7IViCNn4ubgmgCAjNvGU","body":{"path":"@{triggerBody()['HTTP_Body']}","fileType":"@{triggerBody()['HTTP_Body_1']}","currentPage":"@{triggerBody()['HTTP_Body_2']}","delimiterValue":"@{triggerBody()['HTTP_Body_3']}"}}}}},"connectionReferences":{},"flowFailureAlertSubscribed":false,"isManaged":false}}