{"name":"7b4a86b6-ebd3-4438-bb5a-044d12173921","id":"/providers/Microsoft.Flow/flows/7b4a86b6-ebd3-4438-bb5a-044d12173921","type":"Microsoft.Flow/flows","properties":{"apiId":"/providers/Microsoft.PowerApps/apis/shared_logicflows","displayName":"DataContractMappingSubmitNewSubcription","definition":{"metadata":{"workflowEntityId":null,"processAdvisorMetadata":null,"flowChargedByPaygo":null,"flowclientsuspensionreason":"None","flowclientsuspensiontime":null,"flowclientsuspensionreasondetails":null,"creator":{"id":"68e3fca9-7276-4086-9d9f-4d964c5754eb","type":"User","tenantId":"39eda8a5-d3b3-4b94-89f1-80311ec06f85"},"provisioningMethod":"FromDefinition","failureAlertSubscription":true,"clientLastModifiedTime":"2024-04-10T07:03:44.2362941Z","connectionKeySavedTimeKey":"2024-04-10T07:03:44.2362941Z"},"$schema":"https://schema.management.azure.com/providers/Microsoft.Logic/schemas/2016-06-01/workflowdefinition.json#","contentVersion":"1.0.0.0","parameters":{"$authentication":{"defaultValue":{},"type":"SecureObject"}},"triggers":{"manual":{"metadata":{"operationMetadataId":"e4a3a09b-1649-40a1-b45b-5205e7532ff5"},"type":"Request","kind":"PowerApp","inputs":{"schema":{"type":"object","properties":{"HTTP_Body":{"type":"any","description":"Enter request content","x-ms-powerflows-param-ispartial":false}},"required":["HTTP_Body"]}}}},"actions":{"HTTP":{"runAfter":{"Parse_JSON":["Succeeded"]},"metadata":{"operationMetadataId":"0641e3e9-30f2-4b8e-9e63-43bc63c0a3f1"},"type":"Http","inputs":{"method":"POST","uri":"https://hmx-acts-tax-logicapp-dev.azurewebsites.net:443/api/MappingServiceIngestion/triggers/manual/invoke?api-version=2022-05-01&sp=%2Ftriggers%2Fmanual%2Frun&sv=1.0&sig=wq1NMRkGL4YKXJQjwEbwoY-IPgYl_BW6BlLaHA2e84U","body":"@body('Parse_JSON')"}},"Parse_JSON":{"runAfter":{},"metadata":{"operationMetadataId":"c0296bdb-a39a-4e36-83df-ce6b4399f616"},"type":"ParseJson","inputs":{"content":"@triggerBody()['HTTP_Body']","schema":{"type":"array","items":{"type":"object","properties":{"TimeStamp":{"type":"string"},"sink":{"type":"string"},"sinkDataType":{"type":"string"},"sinkOrdinal":{"type":"string"},"sinkdbName":{"type":"string"},"sinkdbSchema":{"type":"string"},"sinkdbTableName":{"type":"string"},"source":{"type":"string"},"sourceCTId":{"type":"string"},"sourceDatatype":{"type":"string"},"sourceFileName":{"type":"string"},"sourceOrdinal":{"type":"string"},"sourcePath":{"type":"string"}},"required":["TimeStamp","sink","sinkDataType","sinkOrdinal","sinkdbName","sinkdbSchema","sinkdbTableName","source","sourceCTId","sourceDatatype","sourceFileName","sourceOrdinal","sourcePath"]}}}}}},"connectionReferences":{},"flowFailureAlertSubscribed":false,"isManaged":false}}