{"name":"374a2db8-13ff-4d5c-a012-3706dc485744","id":"/providers/Microsoft.Flow/flows/374a2db8-13ff-4d5c-a012-3706dc485744","type":"Microsoft.Flow/flows","properties":{"apiId":"/providers/Microsoft.PowerApps/apis/shared_logicflows","displayName":"GetSchemaSynapsedbNewSubcription","definition":{"metadata":{"workflowEntityId":null,"processAdvisorMetadata":null,"flowChargedByPaygo":null,"flowclientsuspensionreason":"None","flowclientsuspensiontime":null,"flowclientsuspensionreasondetails":null,"creator":{"id":"68e3fca9-7276-4086-9d9f-4d964c5754eb","type":"User","tenantId":"39eda8a5-d3b3-4b94-89f1-80311ec06f85"},"provisioningMethod":"FromDefinition","failureAlertSubscription":true,"clientLastModifiedTime":"2024-04-10T07:02:08.0287984Z","connectionKeySavedTimeKey":"2024-04-10T07:02:08.0287984Z"},"$schema":"https://schema.management.azure.com/providers/Microsoft.Logic/schemas/2016-06-01/workflowdefinition.json#","contentVersion":"1.0.0.0","parameters":{"$authentication":{"defaultValue":{},"type":"SecureObject"}},"triggers":{"manual":{"metadata":{"operationMetadataId":"4bcc3424-fcb3-4559-b55a-14c062138468"},"type":"Request","kind":"PowerApp","inputs":{"schema":{"type":"object","properties":{"HTTP_Body":{"type":"any","description":"Enter request content. This parameter is used as part of \"474F5A59-30B8-4407-948B-D8C3546CC4E1\"","x-ms-powerflows-param-ispartial":true}},"required":["HTTP_Body"]}}}},"actions":{"HTTP":{"runAfter":{},"metadata":{"operationMetadataId":"990a7ff0-2144-4bae-90f5-499efc899b88"},"type":"Http","inputs":{"method":"POST","uri":"https://hmx-acts-tax-logicapp-dev.azurewebsites.net:443/api/getSynapseTable/triggers/manual/invoke?api-version=2022-05-01&sp=%2Ftriggers%2Fmanual%2Frun&sv=1.0&sig=4npPCpBTsmpqd5Jyjt2AZyPd8rXRGYNvRXPJm0PEelU","body":{"databasename":"@triggerBody()['HTTP_Body']"}}},"Response":{"runAfter":{"HTTP":["Succeeded"]},"metadata":{"operationMetadataId":"e81ce3c2-501f-4fe6-9cc6-c3c52a74fd40"},"type":"Response","kind":"Http","inputs":{"statusCode":200,"body":"@body('HTTP')","schema":{"type":"array","items":{"type":"object","properties":{"CHARACTER_MAXIMUM_LENGTH":{"type":"integer"},"COLUMN_DEFAULT":{"type":"string"},"COLUMN_NAME":{"type":"string"},"DATA_TYPE":{"type":"string"},"IS_NULLABLE":{"type":"string"},"ORDINAL_POSITION":{"type":"integer"},"TABLE_CATALOG":{"type":"string"},"TABLE_NAME":{"type":"string"},"TABLE_SCHEMA":{"type":"string"}},"required":["CHARACTER_MAXIMUM_LENGTH","COLUMN_DEFAULT","COLUMN_NAME","DATA_TYPE","IS_NULLABLE","ORDINAL_POSITION","TABLE_CATALOG","TABLE_NAME","TABLE_SCHEMA"]}}}}}},"connectionReferences":{},"flowFailureAlertSubscribed":false,"isManaged":false}}